Name,Code
Alexandra Palace,AAP
Achanalt,AAT
Aberdare,ABA
Altnabreac,ABC
Aberdeen,ABD
Aber,ABE
Abererch,ABH
Abbey Wood,ABW
Ashburys,ABY
Acton Bridge,ACB
Acton Central,ACC
Acocks Green,ACG
Achnashellach,ACH
Acklington,ACK
Acle,ACL
Achnasheen,ACN
Accrington,ACR
Ascot,ACT
Abercynon,ACY
Adlington (Cheshire),ADC
Adderley Park,ADD
Ardwick,ADK
Adlington (Lancashire),ADL
Adisham,ADM
Ardrossan Town,ADN
Airdrie,ADR
Ardrossan Harbour,ADS
Andover,ADV
Addiewell,ADW
Ashford International,AFK
Ashford Surrey,AFS
Ansdell & Fairhaven,AFV
Abergele & Pensarn,AGL
Angel Road,AGR
Argyle Street,AGS
Aldrington,AGT
Abergavenny,AGV
Ashtead,AHD
Ashton-Under-Lyne,AHN
Ashurst Kent,AHS
Aldershot,AHT
Ash Vale,AHV
Aigburth,AIG
Aintree,AIN
Airbles,AIR
Albrighton,ALB
Alderley Edge,ALD
Alfreton,ALF
Aslockton,ALK
Alnmouth,ALM
Althorne,ALN
Alloa,ALO
Althorpe,ALP
Alresford,ALR
Altrincham,ALT
Alvechurch,ALV
Allens West,ALW
Alexandria,ALX
Ambergate,AMB
Ammanford,AMF
Acton Main Line,AML
Amersham,AMR
Aldermaston,AMT
Amberley,AMY
Ancaster,ANC
Anderston,AND
Ashurst New Forest,ANF
Angmering,ANG
Anniesland,ANL
Annan,ANN
Ainsdale,ANS
Anerley,ANZ
Alton,AON
Appley Bridge,APB
Appledore (Kent),APD
Appleford,APF
Aspley Guise,APG
Newcastle Airport,APN
Appleby,APP
Apsley,APS
Apperley Bridge,APY
Arbroath,ARB
Ardgay,ARD
Arisaig,ARG
Arlesey,ARL
Armadale,ARM
Arnside,ARN
Arram,ARR
Arrochar & Tarbet,ART
Arundel,ARU
Ardrossan South Beach,ASB
Ashchurch for Tewkesbury,ASC
Ashfield,ASF
Alsager,ASG
Ash,ASH
Askam,ASK
Addlestone,ASN
Aspatria,ASP
Alness,ASS
Aston,AST
Ashley,ASY
Attenborough,ATB
Atherstone,ATH
Attleborough,ATL
Atherton,ATN
Attadale,ATT
Audley End,AUD
Aughton Park,AUG
Ardlui,AUI
Auchinleck,AUK
Aberdour,AUR
Ascott-Under-Wychwood,AUW
Avoncliff,AVF
Aviemore,AVM
Avonmouth,AVN
Aylesbury Vale Parkway,AVP
Aberdovey,AVY
Adwick,AWK
Ashwell & Morden,AWM
Armathwaite,AWT
Axminster,AXM
Alexandra Parade,AXP
Aylesham,AYH
Aylesford,AYL
Albany Park,AYP
Ayr,AYR
Aylesbury,AYS
Aberystwyth,AYW
Barnham,BAA
Balcombe,BAB
Bache,BAC
Banstead,BAD
Bagshot,BAG
Bank Hall,BAH
Blairhill,BAI
Baglan,BAJ
Battersea Park,BAK
Balham,BAL
Bamford,BAM
Banbury,BAN
Bare Lane,BAR
Bere Alston,BAS
Battle,BAT
Barton-On-Humber,BAU
Barrow Haven,BAV
Blackwater,BAW
Bayford,BAY
Bishopbriggs,BBG
Bilbrook,BBK
Bat & Ball,BBL
Blackburn,BBN
Bordesley,BBS
Berry Brow,BBW
Burscough Bridge,BCB
Beccles,BCC
Bracknell,BCE
Beaconsfield,BCF
Birchgrove,BCG
Birchington-On-Sea,BCH
Burscough Junction,BCJ
Buckley,BCK
Branchton,BCN
Bicester North,BCS
Brockenhurst,BCU
Bruce Grove,BCV
Brockley,BCY
Brundall,BDA
Broadbottom,BDB
Bridgeton,BDG
Bedhampton,BDH
Bradford Interchange,BDI
Baldock,BDK
Birkdale,BDL
Bedford,BDM
Brading,BDN
Bradford Forster Square,BDQ
Bridlington,BDT
Bedwyn,BDW
Bredbury,BDY
Bridge of Allan,BEA
Bebington,BEB
Beckenham Hill,BEC
Beeston,BEE
Benfleet,BEF
Beltring,BEG
Bedworth,BEH
Beauly,BEL
Bempton,BEM
Bentham,BEN
Bermuda Park,BEP
Bearley,BER
Bescar Lane,BES
Bethnal Green,BET
Beaulieu Road,BEU
Beverley,BEV
Bexhill,BEX
Ben Rhydding,BEY
Belfast Central,BFC
Brentford,BFD
Bere Ferrers,BFE
Blaenau Ffestiniog,BFF
Byfleet & New Haw,BFN
London Blackfriars,BFR
Brundall Gardens,BGA
Bargoed,BGD
Broad Green,BGE
Brigg,BGG
Brighouse,BGH
Bargeddie,BGI
Bugle,BGL
Bellingham,BGM
Bridgend,BGN
Bogston,BGS
Balloch Central,BHC
Brithdir,BHD
Bathgate,BHG
Birmingham International,BHI
Bush Hill Park,BHK
Birmingham New Street,BHM
Blackhorse Road,BHO
Builth Road,BHR
Brockholes,BHS
Bishop Auckland,BIA
Billericay,BIC
Bidston,BID
Barrow-In-Furness,BIF
Billingshurst,BIG
Birkbeck,BIK
Billingham,BIL
Bingham,BIN
Baillieston,BIO
Bishopstone (Hill Rise),BIP
Bishops Stortford,BIS
Bicester Village,BIT
Biggleswade,BIW
Bingley,BIY
Bookham,BKA
Birkenhead Central,BKC
Blakedown,BKD
Barking,BKG
Blackheath,BKH
Beckenham Junction,BKJ
Bickley,BKL
Berkhamsted,BKM
Birkenhead North,BKN
Brookwood,BKO
Birkenhead Park,BKP
Birkenhead Hamilton Square,BKQ
Blackridge,BKR
Bekesbourne,BKS
Blake Street,BKT
Berkswell,BKW
Blair Atholl,BLA
Battlesbridge,BLB
Baildon,BLD
Bramley (W Yorks),BLE
Bellgrove,BLG
Bellshill,BLH
Blackrod,BLK
Bardon Mill,BLL
Belmont,BLM
Blundellsands & Crosby,BLN
Blaydon,BLO
Belper,BLP
Blantyre,BLT
Belle Vue,BLV
Bulwell,BLW
Bloxwich,BLX
Bletchley,BLY
Bamber Bridge,BMB
Bromley Cross,BMC
Brimsdown,BMD
Broome,BME
Broomfleet,BMF
Barming,BMG
Bournemouth,BMH
Bramhall,BML
Bromley North,BMN
Birmingham Moor Street,BMO
Brampton (Cumbria),BMP
Bromborough Rake,BMR
Bromley South,BMS
Bedminster,BMT
Bromsgrove,BMV
Bramley (Hants),BMY
Burnage,BNA
Burnley Central,BNC
Brandon,BND
Bourne End,BNE
Briton Ferry,BNF
Bangor (Gwynedd),BNG
Barnehurst,BNH
Barnes Bridge,BNI
Barnhill,BNL
Burnham,BNM
Barnstaple,BNP
Brockley Whins,BNR
Barnes,BNS
Brinnington,BNT
Banavie,BNV
Bootle New Strand,BNW
Barnsley,BNY
Bradford-On-Avon,BOA
Bootle (Cumbria),BOC
Bodmin Parkway,BOD
Botley,BOE
Bognor Regis,BOG
Bosham,BOH
Bromborough,BOM
Bolton,BON
Bowes Park,BOP
Bodorgan,BOR
Bootle Oriel Road,BOT
Blackpool Pleasure Beach,BPB
Brookmans Park,BPK
Blackpool North,BPN
Blackpool South,BPS
Bishopton,BPT
Bristol Parkway,BPW
Brora,BRA
Breich,BRC
Brentwood,BRE
Brierfield,BRF
Borough Green & Wrotham,BRG
Borth,BRH
Bristol Temple Meads,BRI
Berwick (Sussex),BRK
Barrhill,BRL
Barmouth,BRM
Bearsden,BRN
Bridge of Orchy,BRO
Brampton (Suffolk),BRP
Barrhead,BRR
Berrylands,BRS
Barlaston,BRT
Bruton,BRU
Bournville,BRV
Brunswick,BRW
Brixton,BRX
Barry,BRY
Bleasby,BSB
Bescot Stadium,BSC
Bearsted,BSD
Bury St Edmunds,BSE
Bushey,BSH
Balmossie,BSI
Bedford St Johns,BSJ
Basingstoke,BSK
Beasdale,BSL
Branksome,BSM
Boston,BSN
Basildon,BSO
Brondesbury Park,BSP
Broadstairs,BSR
Barassie,BSS
Brunstane,BSU
Buckshaw Parkway,BSV
Birmingham Snow Hill,BSW
Brondesbury,BSY
Barnetby,BTB
Bolton-On-Dearne,BTD
Bitterne,BTE
Bottesford,BTF
Barnt Green,BTG
Bath Spa,BTH
Batley,BTL
Brighton,BTN
Betchworth,BTO
Braintree Freeport,BTP
Braintree,BTR
Burntisland,BTS
Battersby,BTT
Bentley,BTY
Burnley Barracks,BUB
Buckenham,BUC
Burneside,BUD
Bures,BUE
Burgess Hill,BUG
Brough,BUH
Burnside,BUI
Burton Joyce,BUJ
Bucknell,BUK
Butlers Lane,BUL
Bursledon,BUO
Busby,BUS
Burton-On-Trent,BUT
Burnham-On-Crouch,BUU
Burley-In-Wharfedale,BUW
Buxton,BUX
Burley Park,BUY
Belvedere,BVD
Bow Brickhill,BWB
Birchwood,BWD
Bowling,BWG
Berwick-Upon-Tweed,BWK
Bloxwich North,BWN
Bricket Wood,BWO
Barrow Upon Soar,BWS
Bridgwater,BWT
Broxbourne,BXB
Buxted,BXD
Bexleyheath,BXH
Box Hill & Westhumble,BXW
Bexley,BXY
Berney Arms,BYA
Blythe Bridge,BYB
Betws-Y-Coed,BYC
Barry Docks,BYD
Bynea,BYE
Broughty Ferry,BYF
Barry Island,BYI
Bentley (South Yorkshire),BYK
Barry Links,BYL
Burnley Manchester Road,BYM
Bryn,BYN
Braystones,BYS
Coventry Arena,CAA
Caldercruix,CAC
Cadoxton,CAD
Carrbridge,CAG
Cark,CAK
Camberley,CAM
Carnoustie,CAN
Cannock,CAO
Carlisle,CAR
Castleton,CAS
Caterham,CAT
Causeland,CAU
Carntyne,CAY
Carbis Bay,CBB
Coatbridge Central,CBC
Conon Bridge,CBD
Canterbury East,CBE
Cambridge,CBG
Cambridge Heath,CBH
Cranbrook (Devon),CBK
Cambuslang,CBL
Camborne,CBN
Castle Bar Park,CBP
Cooksbridge,CBR
Coatbridge Sunnyside,CBS
Canterbury West,CBW
Charlbury,CBY
Criccieth,CCC
Chichester,CCH
Cathcart,CCT
Cardiff Bay,CDB
Cardenden,CDD
Cardiff Central,CDF
Crediton,CDI
Coulsdon Town,CDN
Cardonald,CDO
Cardiff Queen Street,CDQ
Cardross,CDR
Coulsdon South,CDS
Caldicot,CDT
Cam & Dursley,CDU
Cartsdyke,CDY
Cleland,CEA
Cheddington,CED
Chapel-En-Le-Frith,CEF
Coleshill Parkway,CEH
Chelford,CEL
Cressing,CES
Colchester Town,CET
Cononley,CEY
Catford Bridge,CFB
Castleford,CFD
Croftfoot,CFF
Chafford Hundred,CFH
Crossflatts,CFL
Clifton Down,CFN
Chalfont & Latimer,CFO
Chandlers Ford,CFR
Crofton Park,CFT
Craigendoran,CGD
Cottingham,CGM
Cogan,CGN
Caergwrle,CGW
Charing Cross (Glasgow),CHC
Chesterfield,CHD
Cheam,CHE
Church Fenton,CHF
Charing,CHG
Christs Hospital,CHH
Chingford,CHI
Chiswick,CHK
Chilworth,CHL
Chelmsford,CHM
Cheshunt,CHN
Cholsey,CHO
Chipstead,CHP
Christchurch,CHR
Chathill,CHT
Cheadle Hulme,CHU
Chalkwell,CHW
London Charing Cross,CHX
Chertsey,CHY
Chilham,CIL
Cilmeri,CIM
Caledonian Road & Barnsbury,CIR
Chislehurst,CIT
Corkerhill,CKH
Corkickle,CKL
Crewkerne,CKN
Clarkston,CKS
Crookston,CKT
Crosskeys,CKY
Clandon,CLA
Castle Cary,CLC
Chelsfield,CLD
Cleethorpes,CLE
Claygate,CLG
Clitheroe,CLH
Clifton,CLI
Clapham Junction,CLJ
Clock House,CLK
Collington,CLL
Collingham,CLM
Chapeltown,CLN
Clapham High Street,CLP
Clarbeston Road,CLR
Chester-Le-Street,CLS
Clacton-On-Sea,CLT
Carluke,CLU
Claverdon,CLV
Chorleywood,CLW
Chinley,CLY
Camden Road,CMD
Combe,CME
Cromford,CMF
Cwmbach,CMH
Carmyle,CML
Carmarthen,CMN
Camelon,CMO
Cromer,CMR
Crossmyloof,CMY
Colne,CNE
Carnforth,CNF
Congleton,CNG
Canley,CNL
Cheltenham Spa,CNM
Canonbury,CNN
Chetnole,CNO
Conway Park,CNP
Crianlarich,CNR
Conisbrough,CNS
Conwy,CNW
Cantley,CNY
Coatdyke,COA
Cooden Beach,COB
Coombe,COE
Crowborough,COH
Crosshill,COI
Colchester,COL
Commondale,COM
Connel Ferry,CON
Cookham,COO
Copplestone,COP
Corby,COR
Cosford,COS
Cottingley,COT
Coventry,COV
Cowdenbeath,COW
Coryton,COY
Corpach,CPA
Caerphilly,CPH
Carpenders Park,CPK
Chippenham,CPM
Chapleton,CPN
Clapton,CPT
Capenhurst,CPU
Chepstow,CPW
Clapham (Nth Yorkshire),CPY
Cradley Heath,CRA
Corbridge,CRB
Chester Road,CRD
Crewe,CRE
Carfin,CRF
Cross Gates,CRG
Crouch Hill,CRH
Cricklewood,CRI
Chirk,CRK
Chorley,CRL
Cramlington,CRM
Crowthorne,CRN
Croy,CRO
Corrour,CRR
Carstairs,CRS
stationName,crsCode
Chartham,CRT
Craven Arms,CRV
Crawley,CRW
Crayford,CRY
Cosham,CSA
Carshalton Beeches,CSB
Cobham & Stoke Dabernon,CSD
Cressington,CSG
Carshalton,CSH
Calstock,CSK
Codsall,CSL
Castleton Moor,CSM
Chessington North,CSN
Croston,CSO
Chassen Road,CSR
Chessington South,CSS
London Cannon Street,CST
Chestfield & Swalecliffe,CSW
Coseley,CSY
Chatelherault,CTE
Catford,CTF
Chadwell Heath,CTH
City Thameslink,CTK
Cattal,CTL
Chatham,CTM
Charlton,CTN
Carlton,CTO
Chester,CTR
Church Stretton,CTT
Church & Oswaldtwistle,CTW
Culrain,CUA
Cumbernauld,CUB
Cuddington,CUD
Cuffley,CUF
Curriehill,CUH
Culham,CUM
Cupar,CUP
Clunderwen,CUW
Cuxton,CUX
Colwyn Bay,CWB
Chappel & Wakes Colne,CWC
Creswell (Derbys),CWD
Crowle,CWE
Crews Hill,CWH
Colwall,CWL
Cwmbran,CWM
Cowden,CWN
Caersws,CWS
Crowhurst,CWU
Cefn-Y-Bedd,CYB
Clydebank,CYK
Cynghordy,CYN
Crystal Palace,CYP
Cathays,CYS
Cherry Tree,CYT
Dalgety Bay,DAG
Dalmarnock,DAK
Dalmally,DAL
Dalmeny,DAM
Darnall,DAN
Darlington,DAR
Datchet,DAT
Dumbarton Central,DBC
Denby Dale,DBD
Dumbarton East,DBE
Mottisfont & Dunbridge,DBG
Dunblane,DBL
Derby Road,DBR
Derby,DBY
Duncraig,DCG
Dorchester South,DCH
Danescourt,DCT
Dorchester West,DCW
Dorridge,DDG
Dagenham Dock,DDK
Dudley Port,DDP
Deal,DEA
Dereham Market Place,DEB
Dundee,DEE
Dean,DEN
Deptford,DEP
Dewsbury,DEW
Dartford,DFD
Dunfermline Town,DFE
Duffield,DFI
Dunfermline Queen Margaret,DFL
Drumfrochar,DFR
Denham Golf Club,DGC
Dingle Road,DGL
Deansgate,DGT
Deganwy,DGY
Durham,DHM
Deighton,DHN
Didcot Parkway,DID
Digby & Sowton,DIG
Dingwall,DIN
Diss,DIS
Dunkeld & Birnam,DKD
Dorking,DKG
Dorking West,DKT
Dolgarrog,DLG
Doleham,DLH
Dalston Junction,DLJ
Dalston Kingsland,DLK
Delamere,DLM
Dalreoch,DLR
Dalston (Cumbria),DLS
Dalton,DLT
Dalwhinnie,DLW
Dalry,DLY
Drumchapel,DMC
Dumfries,DMF
Dinas Rhondda,DMG
Dilton Marsh,DMH
Denmark Hill,DMK
Dumpton Park,DMP
Dalmuir,DMR
Dormans,DMS
Drumry,DMY
Dinsdale,DND
Dunton Green,DNG
Dunlop,DNL
Denham,DNM
Dunrobin Castle,DNO
Dinas Powys,DNS
Dent,DNT
Danby,DNY
Dockyard,DOC
Dodworth,DOD
Dolau,DOL
Doncaster,DON
Dore & Totley,DOR
Dunston,DOT
Downham Market,DOW
Dorking Deepdene,DPD
Devonport,DPT
Driffield,DRF
Drayton Green,DRG
Drigg,DRI
Drem,DRM
Duirinish,DRN
Dronfield,DRO
Darton,DRT
Drumgelloch,DRU
Drayton Manor,DRY
Disley,DSL
Darsham,DSM
Duke Street,DST
Daisy Hill,DSY
Dinting,DTG
Denton,DTN
Droitwich Spa,DTW
Duddeston,DUD
Dullingham,DUL
Dumbreck,DUM
Dunbar,DUN
Dunoon,DUO
Durrington-On-Sea,DUR
Duns,DUU
Dovercourt,DVC
Dove Holes,DVH
Davenport,DVN
Dover Priory,DVP
Dovey Junction,DVY
Dolwyddelan,DWD
Dawlish,DWL
Darwen,DWN
Dawlish Warren,DWW
Dyce,DYC
Dyffryn Ardudwy,DYF
Drayton Park,DYP
Danzey,DZY
Earlsfield,EAD
Eaglescliffe,EAG
Ealing Broadway,EAL
Earley,EAR
Earlston,EAS
Euxton Balshaw Lane,EBA
Ebbw Vale Town,EBB
Ebbsfleet International,EBD
Eastbrook,EBK
East Boldon,EBL
Eastbourne,EBN
Edenbridge,EBR
Edenbridge Town,EBT
Ebbw Vale Parkway,EBV
Eccles,ECC
Eccleston Park,ECL
Energlyn & Churchill Park,ECP
East Croydon,ECR
Eccles Road,ECS
East Cowes,ECW
Edinburgh Waverley,EDB
Edge Hill,EDG
Edale,EDL
Eden Park,EDN
Edinburgh Park,EDP
Edmonton Green,EDR
East Dulwich,EDW
East Didsbury,EDY
Effingham Junction,EFF
East Farleigh,EFL
East Garforth,EGF
Eggesford,EGG
Egham,EGH
Eastrington,EGN
East Grinstead,EGR
Egton,EGT
Edinburgh Gateway,EGY
Eskbank,EKB
East Kilbride,EKL
Earlswood (Surrey),ELD
Elmers End,ELE
Elgin,ELG
Elton & Orston,ELO
Ellesmere Port,ELP
Elsecar,ELR
Elstree & Borehamwood,ELS
Eltham,ELW
Ely,ELY
East Midlands Parkway,EMD
East Malling,EML
Emerson Park,EMP
Emsworth,EMS
Enfield Chase,ENC
Enfield Town,ENF
Enfield Lock,ENL
Entwistle,ENT
Epsom Downs,EPD
Elephant & Castle,EPH
Epsom,EPS
Eastham Rake,ERA
Erdington,ERD
Erith,ERH
Eridge,ERI
Earlestown,ERL
Elmstead Woods,ESD
Esher,ESH
Eastleigh,ESL
Elsenham,ESM
Easterhouse,EST
Elmswell,ESW
Etchingham,ETC
East Tilbury,ETL
London Euston,EUS
Evesham,EVE
Earlswood (West Midlands),EWD
Ewell East,EWE
East Worthing,EWR
Ewell West,EWW
Exeter Central,EXC
Exeter St Davids,EXD
Exhibition Centre,EXG
Exmouth,EXM
Exton,EXN
Essex Road,EXR
Exeter St Thomas,EXT
Eynsford,EYN
Falmouth Docks,FAL
Faversham,FAV
Fazakerley,FAZ
Formby,FBY
Falconwood,FCN
Featherstone,FEA
Fellgate,FEG
Feltham,FEL
Fenny Stratford,FEN
Fernhill,FER
Ffairfach,FFA
Freshford,FFD
Fishguard Harbour,FGH
Faygate,FGT
Fishguard & Goodwick,FGW
Filey,FIL
Finstock,FIN
Filton Abbey Wood,FIT
Folkestone Central,FKC
Falkirk Grahamston,FKG
Falkirk High,FKK
Folkestone West,FKW
Fauldhouse,FLD
Fleet,FLE
Flowery Field,FLF
Flixton,FLI
Flimby,FLM
Flint,FLN
Flitwick,FLT
Fulwell,FLW
Felixstowe,FLX
Frimley,FML
Falmer,FMR
Falmouth Town,FMT
Farnborough Main,FNB
Farncombe,FNC
Farnham,FNH
Farnborough North,FNN
Farningham Road,FNR
Feniton,FNT
Furness Vale,FNV
Farnworth,FNW
Finchley Road & Frognal,FNY
Falls of Cruachan,FOC
Ford,FOD
Forest Gate,FOG
Forest Hill,FOH
Four Oaks,FOK
Forres,FOR
Foxfield,FOX
Finsbury Park,FPK
Fairbourne,FRB
Frodsham,FRD
Freshfield,FRE
Fairfield,FRF
Frinton-On-Sea,FRI
Fairlie,FRL
Fareham,FRM
Fearn,FRN
Frome,FRO
Forsinard,FRS
Frant,FRT
Fairwater,FRW
Ferriby,FRY
Fishbourne (Sussex),FSB
Fishersgate,FSG
Fiskerton,FSK
London Fenchurch Street,FST
Fort Matilda,FTM
Fratton,FTN
Fort William,FTW
Five Ways,FWY
Foxton,FXN
Ferryside,FYS
Frizinghall,FZH
Furze Platt,FZP
Fitzwilliam,FZW
Galashiels,GAL
Garrowhill,GAR
Gilberdyke,GBD
Gorebridge,GBG
Greenbank,GBK
Gainsborough Lea Road,GBL
Goring-By-Sea,GBS
Garelochhead,GCH
Gloucester,GCR
Great Coates,GCT
Glan Conwy,GCW
Gordon Hill,GDH
Godley,GDL
Godstone,GDN
Gidea Park,GDP
Gretna Green,GEA
Gerrards Cross,GER
Greenford,GFD
Gilfach Fargoed,GFF
Giffnock,GFN
Georgemas Junction,GGJ
Gargrave,GGV
Giggleswick,GIG
Gillingham (Dorset),GIL
Gipsy Hill,GIP
Girvan,GIR
Greenock Central,GKC
Greenock West,GKW
Glasgow Central,GLC
Guildford,GLD
Gleneagles,GLE
Glenfinnan,GLF
Glengarnock,GLG
Glasshoughton,GLH
Gillingham (Kent),GLM
Glossop,GLO
Glasgow Queen Street,GLQ
Glaisdale,GLS
Glenrothes with Thornton,GLT
Glynde,GLY
Glazebrook,GLZ
Grimsby Town,GMB
Grimsby Docks,GMD
Garth (Mid Glamorgan),GMG
Great Missenden,GMN
Grosmont,GMT
Great Malvern,GMV
Goodmayes,GMY
Gainsborough Central,GNB
Greenfield,GNF
Greenhithe for Bluewater,GNH
Green Lane,GNL
Green Road,GNR
Gunton,GNT
Greenwich,GNW
Gobowen,GOB
Godalming,GOD
Goldthorpe,GOE
Golf Street,GOF
Golspie,GOL
Gomshall,GOM
Goole,GOO
Goring & Streatley,GOR
Grange-Over-Sands,GOS
Goxhill,GOX
Grange Park,GPK
Gospel Oak,GPO
Grantham,GRA
Great Bentley,GRB
Great Chesterford,GRC
Garforth,GRF
Gartcosh,GRH
Gourock,GRK
Greenfaulds,GRL
Grindleford,GRN
Grove Park,GRP
Garscadden,GRS
Grateley,GRT
Gravesend,GRV
Grays,GRY
Gilshochill,GSC
Garsdale,GSD
Gunnislake,GSL
Garston (Hertfordshire),GSN
Gathurst,GST
Garswood,GSW
Guiseley,GSY
Great Ayton,GTA
Garth,GTH
Grangetown,GTN
Gorton,GTO
Goostrey,GTR
Gatwick Airport,GTW
Gatley,GTY
Guide Bridge,GUI
Gunnersbury,GUN
Garve,GVE
Gravelly Hill,GVH
Gwersyllt,GWE
Gowerton,GWN
Gourock Pier,GXX
Great Yarmouth,GYM
Gypsy Lane,GYP
Habrough,HAB
Hackney Downs,HAC
Haddiscoe,HAD
Heathrow Terminal 4 Rail,HAF
Hagley,HAG
Halling,HAI
Hale,HAL
Hamworthy,HAM
Hanwell,HAN
Hatfield Peverel,HAP
Halesworth,HAS
Hatfield,HAT
Havant,HAV
Hayes & Harlington,HAY
Hazel Grove,HAZ
Hubberts Bridge,HBB
Hebden Bridge,HBD
Hollingbourne,HBN
Hornbeam Park,HBP
Hartlebury,HBY
Hackbridge,HCB
Holmes Chapel,HCH
Headcorn,HCN
Huncoat,HCT
Haydon Bridge,HDB
Hedge End,HDE
Hadfield,HDF
Heald Green,HDG
Hampstead Heath,HDH
Headstone Lane,HDL
Haddenham & Thame Parkway,HDM
Harlesden,HDN
Hadley Wood,HDW
Headingley,HDY
Heckington,HEC
Halewood,HED
Heighington,HEI
Hensall,HEL
Hendon,HEN
Hersham,HER
Hessle,HES
Hever,HEV
Heworth,HEW
Hexham,HEX
Hereford,HFD
Hertford East,HFE
Hertford North,HFN
Hatfield & Stainforth,HFS
Halifax,HFX
Hungerford,HGD
Hag Fold,HGF
Haggerston,HGG
Higham,HGM
Hough Green,HGN
Hither Green,HGR
Hastings,HGS
Harrogate,HGT
Harringay,HGY
Heysham Port,HHB
Holyhead,HHD
Haywards Heath,HHE
Heath High Level,HHL
Highbury & Islington,HHY
Hampton-In-Arden,HIA
High Brooms,HIB
Hall i' th' Wood,HID
Highbridge & Burnham,HIG
Hillside,HIL
Hindley,HIN
Highams Park,HIP
Horton in Ribblesdale,HIR
Hitchin,HIT
Hackney Central,HKC
Hawkhead,HKH
Hykeham,HKM
Hucknall,HKN
Hackney Wick,HKW
Hildenborough,HLB
Helensburgh Central,HLC
Hellifield,HLD
Hillington East,HLE
Hillfoot,HLF
Hall Green,HLG
Healing,HLI
Heath Low Level,HLL
Holmwood,HLM
Harlington,HLN
Hall Road,HLR
Hilsea,HLS
Helensburgh Upper,HLU
Hillington West,HLW
Holytown,HLY
Hampton Court,HMC
Hampden Park,HMD
Hamble,HME
Hemel Hempstead,HML
Hammerton,HMM
Homerton,HMN
Hampton,HMP
Helmsdale,HMS
Ham Street,HMT
Hampton Wick,HMW
Hairmyres,HMY
Hinton Admiral,HNA
Herne Bay,HNB
Hamilton Central,HNC
Hanborough,HND
Hednesford,HNF
Hengoed,HNG
Herne Hill,HNH
Hinckley,HNK
Henley-In-Arden,HNL
Huntly,HNT
Hamilton West,HNW
Hunts Cross,HNX
Hockley,HOC
Harrow-on-the-Hill,HOH
Hook,HOK
Holton Heath,HOL
Honiton,HON
Hooton,HOO
Hope (Derbyshire),HOP
Horley,HOR
Henley-On-Thames,HOT
Hounslow,HOU
Hove,HOV
Howden,HOW
Hoxton,HOX
Honley,HOY
Howwood,HOZ
Honor Oak Park,HPA
Harpenden,HPD
Hope (Clwyd),HPE
Hartlepool,HPL
Hapton,HPN
Harwich International,HPQ
Hopton Heath,HPT
Harling Road,HRD
Horsham,HRH
Harlech,HRL
Harrietsham,HRM
Hornsey,HRN
Harold Wood,HRO
Harrington,HRR
Horsforth,HRS
Harrow & Wealdstone,HRW
Harringay Green Lanes,HRY
Helsby,HSB
Hoscar,HSC
Hamstead,HSD
Hathersage,HSG
Hassocks,HSK
Haslemere,HSL
High Street,HST
Heswall,HSW
Horsley,HSY
Heaton Chapel,HTC
Hatch End,HTE
Hartford,HTF
Handforth,HTH
Hatton,HTN
Hightown,HTO
Hartwood,HTW
Hattersley,HTY
Hunmanby,HUB
Huddersfield,HUD
Hull,HUL
Huntingdon,HUN
Humphrey Park,HUP
Hurst Green,HUR
Hutton Cranswick,HUT
Huyton,HUY
Haverfordwest,HVF
Havenhouse,HVN
Hawarden Bridge,HWB
Harwich Town,HWC
Hawarden,HWD
Haltwhistle,HWH
Horwich Parkway,HWI
Hawick,HWK
Harlow Mill,HWM
Harlow Town,HWN
Heathrow Terminal 5 Rail,HWV
How Wood,HWW
High Wycombe,HWY
Hoveton & Wroxham,HXM
Heathrow Terminals 1-2-3 Rail,HXX
Honeybourne,HYB
Hyde Central,HYC
Heyford,HYD
Hythe,HYH
Hoylake,HYK
Hayle,HYL
Haymarket (Edinburgh),HYM
Hyndland,HYN
Haydons Road,HYR
Hayes (Kent),HYS
Hyde North,HYT
Hinchley Wood,HYW
IBM,IBM
Ilford,IFD
Ifield,IFI
Invergordon,IGD
Ilkley,ILK
Imperial Wharf,IMW
Ince,INC
Ince & Elton,INE
Invergowrie,ING
Invershin,INH
Inverkeithing,INK
Inverkip,INP
Inverurie,INR
Insch,INS
Ingatestone,INT
Inverness,INV
Ipswich,IPS
Irlam,IRL
Irvine,IRV
Isleworth,ISL
Islip,ISP
Iver,IVR
Ivybridge,IVY
James Cook University Hospital,JCH
Jewellery Quarter,JEQ
Johnstone,JHN
Johnston,JOH
Jordanhill,JOR
Kinbrace,KBC
Kirkby-In-Furness,KBF
Kents Bank,KBK
Kilburn High Road,KBN
Knebworth,KBW
Kirby Cross,KBX
Knockholt,KCK
Kidbrooke,KDB
Kidsgrove,KDG
Kirkcaldy,KDY
Keith,KEH
Keighley,KEI
Kelvedon,KEL
Kemble,KEM
Kendal,KEN
Kettering,KET
Keyham,KEY
Kingsknowe,KGE
Kinghorn,KGH
Kings Langley,KGL
Kingham,KGM
Kings Nympton,KGN
Kings Park,KGP
Kings Sutton,KGS
Kilgetty,KGT
London Kings Cross,KGX
Kidderminster,KID
Kildonan,KIL
Kingussie,KIN
Kirkby,KIR
Kintbury,KIT
Kiveton Bridge,KIV
Kirkby in Ashfield,KKB
Kirkdale,KKD
Kirkhill,KKH
Kirkham & Wesham,KKM
Kirknewton,KKN
Kirk Sandall,KKS
Kildale,KLD
Kirkstall Forge,KLF
Kilmaurs,KLM
Kings Lynn,KLN
Kenley,KLY
Kempston Hardwick,KMH
Kilmarnock,KMK
Kemsley,KML
Kempton Park,KMP
Kemsing,KMS
Knaresborough,KNA
Kingswood,KND
Kennett,KNE
Knutsford,KNF
Kingston,KNG
Knighton,KNI
Kensal Green,KNL
Kings Norton,KNN
Knottingley,KNO
Kensal Rise,KNR
Kennishead,KNS
Kenton,KNT
Knucklas,KNU
Kensington Olympia,KPA
Kilpatrick,KPT
Kirkconnel,KRK
Kearsley,KSL
Kearsney,KSN
Kirkby Stephen,KSW
Kent House,KTH
Kirton Lindsey,KTL
Kentish Town,KTN
Kentish Town West,KTW
Kelvindale,KVD
Kiveton Park,KVP
Kew Bridge,KWB
Kirkwood,KWD
Kew Gardens,KWG
Kidwelly,KWL
Kilwinning,KWN
Kyle of Lochalsh,KYL
Keynsham,KYN
Lancing,LAC
Ladywell,LAD
Langwith - Whaley Thorns,LAG
Laindon,LAI
Lakenheath,LAK
Lamphey,LAM
Lancaster,LAN
Lapford,LAP
Largs,LAR
Llansamlet,LAS
Laurencekirk,LAU
Landywood,LAW
Layton,LAY
London Bridge,LBG
Long Buckby,LBK
Loughborough,LBO
Llanbedr,LBR
Larbert,LBT
Leighton Buzzard,LBZ
Lochluichart,LCC
Lochgelly,LCG
Lockwood,LCK
Lochailort,LCL
Lincoln Central,LCN
Locheilside,LCS
Llandanwg,LDN
Leeds,LDS
Ladybank,LDY
Leagrave,LEA
Lea Bridge,LEB
Ledbury,LED
Lee,LEE
Lea Green,LEG
Lea Hall,LEH
Leicester,LEI
Lelant,LEL
Leyton Midland Road,LEM
Lenham,LEN
Leominster,LEO
Leytonstone High Road,LER
Leigh-on-Sea,LES
Letchworth Garden City,LET
Leuchars,LEU
Lewisham,LEW
Leyland,LEY
Lingfield,LFD
Langbank,LGB
Lingwood,LGD
Long Eaton,LGE
Longfield,LGF
Langley Green,LGG
Loughborough Junction,LGJ
Longbeck,LGK
Langley Mill,LGM
Longton,LGN
Llangynllo,LGO
Langside,LGS
Langwathby,LGW
Loch Awe,LHA
Leatherhead,LHD
Loch Eil Outward Bound,LHE
Langholm,LHL
Lealholm,LHM
Langho,LHO
Limehouse,LHS
Lochwinnoch,LHW
Lichfield City,LIC
Lidlington,LID
Leigh (Kent),LIH
Linlithgow,LIN
Liphook,LIP
Liss,LIS
Littlehampton,LIT
Liverpool Lime Street,LIV
Lake,LKE
Llanaber,LLA
Llandecwyn,LLC
Llandudno,LLD
Llanelli,LLE
Llanfairfechan,LLF
Llangadog,LLG
Llangennech,LLH
Llandybie,LLI
Llandudno Junction,LLJ
Llandeilo,LLL
Llangammarch,LLM
Llandaf,LLN
Llandrindod,LLO
Llanharan,LLR
Llanishen,LLS
Llanbister Road,LLT
Llandovery,LLV
Llwyngwril,LLW
Llwynypia,LLY
Leamington Spa,LMS
Llanbradach,LNB
Longniddry,LND
Longcross,LNG
Lanark,LNK
Llanwrda,LNR
Llanwrtyd,LNW
Langley,LNY
Lenzie,LNZ
Longbridge,LOB
Lockerbie,LOC
London Fields,LOF
Lostock Hall,LOH
Looe,LOO
Lostwithiel,LOS
Lostock,LOT
Lowdham,LOW
Llanfairpwll,LPG
Long Preston,LPR
Longport,LPT
Lapworth,LPW
Liverpool South Parkway,LPY
London Road (Brighton),LRB
London Road (Guildford),LRD
Lairg,LRG
Larkhall,LRH
Liskeard,LSK
Livingston North,LSN
London Liverpool Street,LST
Leasowe,LSW
Lower Sydenham,LSY
Lostock Gralam,LTG
Llanhilleth,LTH
Little Kimble,LTK
Littleborough,LTL
Lytham,LTM
Luton Airport Parkway,LTN
Littleport,LTP
Lelant Saltings,LTS
Little Sutton,LTT
Lichfield Trent Valley,LTV
Luton Airport,LUA
Ludlow,LUD
Luton,LUT
Luxulyan,LUX
Liverpool Central,LVC
Livingston South,LVG
James Street,LVJ
Levenshulme,LVM
Littlehaven,LVN
Lisvane & Thornhill,LVT
Lawrence Hill,LWH
Llantwit Major,LWM
Llanrwst,LWR
Lewes,LWS
Lowestoft,LWT
Lympstone Commando,LYC
Lydney,LYD
Lye,LYE
Lympstone Village,LYM
Lymington Pier,LYP
Lymington Town,LYT
Lazonby & Kirkoswald,LZB
Macclesfield,MAC
Maghull,MAG
Maidenhead,MAI
Malden Manor,MAL
Manchester Piccadilly,MAN
Martins Heron,MAO
Margate,MAR
Manors,MAS
Matlock,MAT
Mauldeth Road,MAU
Maxwell Park,MAX
Maybole,MAY
Millbrook (Hants),MBK
Middlesbrough,MBR
Moulsecoomb,MCB
Metrocentre,MCE
March,MCH
Morecambe,MCM
Machynlleth,MCN
Manchester Oxford Road,MCO
Manchester Victoria,MCV
Maidstone Barracks,MDB
Maidstone East,MDE
Midgham,MDG
Middlewood,MDL
Maiden Newton,MDN
Morden South,MDS
Maidstone West,MDW
Meols Cop,MEC
Meldreth,MEL
Menheniot,MEN
Meols,MEO
Meopham,MEP
Merthyr Tydfil,MER
Melton,MES
Merthyr Vale,MEV
Maesteg (Ewenny Road),MEW
Mexborough,MEX
Merryton,MEY
Morfa Mawddach,MFA
Minffordd,MFF
Milford Haven,MFH
Mount Florida,MFL
Mansfield,MFT
Metheringham,MGM
Marston Green,MGN
Merstham,MHM
Market Harborough,MHR
Meadowhall,MHS
Manchester Airport,MIA
Micheldever,MIC
Mills Hill,MIH
Mitcham Junction,MIJ
Micklefield,MIK
Mill Hill Broadway,MIL
Moreton-In-Marsh,MIM
Milliken Park,MIN
Mirfield,MIR
Mistley,MIS
Milton Keynes Central,MKC
Melksham,MKM
Market Rasen,MKR
Marks Tey,MKT
Millbrook (Bedfordshire),MLB
Mouldsworth,MLD
Milford (Surrey),MLF
Mallaig,MLG
Mill Hill (Lancashire),MLH
Millom,MLM
Milngavie,MLN
Melrose,MLS
Malton,MLT
Marlow,MLW
Morley,MLY
Melton Mowbray,MMO
Markinch,MNC
Manea,MNE
Manningtree,MNG
Menston,MNN
Manor Park,MNP
Manor Road,MNR
Mobberley,MOB
Moorgate,MOG
Monifieth,MON
Muir of Ord,MOO
Mortimer,MOR
Moss Side,MOS
Motspur Park,MOT
Mosspark,MPK
Marple,MPL
Morpeth,MPT
Manorbier,MRB
Morchard Road,MRD
Moorfields,MRF
Marden,MRN
Moorthorpe,MRP
Morar,MRR
Monks Risborough,MRS
Moreton (Merseyside),MRT
Maryport,MRY
Moorside,MSD
Mossley Hill,MSH
Marske,MSK
Mossley (Grtr Manchester),MSL
Marsden,MSN
Moston,MSO
Minster,MSR
Moses Gate,MSS
Maesteg,MST
Mansfield Woodhouse,MSW
Mountain Ash,MTA
Matlock Bath,MTB
Mitcham Eastfields,MTC
Mottingham,MTG
Motherwell,MTH
Mortlake,MTL
Martin Mill,MTM
Moreton (Dorset),MTN
Marton,MTO
Montpelier,MTP
Montrose,MTS
Mount Vernon,MTV
Musselburgh,MUB
Manchester United Football Club,MUF
Muirend,MUI
Malvern Link,MVL
London Marylebone,MYB
Maryhill,MYH
Maryland,MYL
Mytholmroyd,MYT
Maze Hill,MZH
Nantwich,NAN
Narberth,NAR
Newton Aycliffe,NAY
New Barnet,NBA
New Beckenham,NBC
Newbridge,NBE
New Brighton,NBN
Narborough,NBR
Norbiton,NBT
North Berwick,NBW
Newbury,NBY
New Clee,NCE
New Cumnock,NCK
Newcastle,NCL
North Camp,NCM
Newcourt,NCO
Newark Castle,NCT
Newcastle Central (Metro),NCZ
North Dulwich,NDL
Newtongrange,NEG
New Eltham,NEH
Neilston,NEI
Nelson,NEL
New Malden,NEM
Neston,NES
Netherfield,NET
Newcraighall,NEW
North Fambridge,NFA
Northfield,NFD
Northfleet - Cooper Arms,NFL
Nafferton,NFN
Newington,NGT
Nunhead,NHD
New Hythe,NHE
New Holland,NHL
Nitshill,NIT
New Lane,NLN
North Llanrwst,NLR
Nailsea & Backwell,NLS
Northolt Park,NLT
Newton-Le-Willows,NLW
New Mills Central,NMC
Newmarket,NMK
Newton Heath and Moston,NMM
New Mills Newtown,NMN
Northampton,NMP
Needham Market,NMT
Newark Northgate,NNG
Ninian Park,NNP
Nunthorpe,NNT
Newton-On-Ayr,NOA
Normanton,NOR
Nottingham,NOT
New Pudsey,NPD
North Queensferry,NQU
Newquay,NQY
Norbury,NRB
Newbury Racecourse,NRC
North Road,NRD
Nairn,NRN
Nethertown,NRT
Norwich,NRW
Normans Bay,NSB
Newstead,NSD
New Southgate,NSG
North Sheen,NSH
Newton Abbot,NTA
Norton Bridge,NTB
Newton St Cyres,NTC
Neath,NTH
Netley,NTL
Newton,NTN
Northallerton,NTR
Nutfield,NUF
Northumberland Park,NUM
Nuneaton,NUN
Nutbourne,NUT
Newhaven Harbour,NVH
Newhaven Town,NVN
Navigation Road,NVR
North Walsham,NWA
North Wembley,NWB
Norwood Junction,NWD
Newport (Essex),NWE
Northwich,NWI
New Milton,NWM
Newton for Hyde,NWN
Newport Gwent,NWP
Newtonmore,NWR
Newtown (Powys),NWT
New Cross,NWX
New Cross Gate,NXG
Oban,OBN
Ockendon,OCK
Old Hill,OHL
Okehampton,OKE
Oakleigh Park,OKL
Oakham,OKM
Oakengates,OKN
Old Street,OLD
Oldfield Park,OLF
Olton,OLT
Ockley,OLY
Ormskirk,OMS
Orrell Park,OPK
Ore,ORE
Old Roan,ORN
Orpington,ORP
Orrell,ORR
Otford,OTF
Oulton Broad North,OUN
Oulton Broad South,OUS
Outwood,OUT
Overpool,OVE
Overton,OVR
Oxford,OXF
Oxenholme Lake District,OXN
Oxford Parkway,OXP
Oxshott,OXS
Oxted,OXT
London Paddington,PAD
Palmers Green,PAL
Pangbourne,PAN
Par,PAR
Patricroft,PAT
Parbold,PBL
Peterborough,PBO
Potters Bar,PBR
Pembrey & Burry Port,PBY
Pencoed,PCD
Paisley Canal,PCN
Padgate,PDG
Paddock Wood,PDW
Peartree,PEA
Pevensey Bay,PEB
Pegswood,PEG
Pemberton,PEM
Penarth,PEN
Penrhiwceiber,PER
Pensarn,PES
Petts Wood,PET
Pevensey & Westham,PEV
Pewsey,PEW
Purfleet,PFL
Pontefract Monkhill,PFM
Pontefract Baghill,PFR
Poulton-Le-Fylde,PFY
Pengam,PGM
Paignton,PGN
Penhelig,PHG
Penshurst,PHR
Pilning,PIL
Pinhoe,PIN
Pitlochry,PIT
Pickering Eastgate,PIZ
Penkridge,PKG
Parkstone (Dorset),PKS
Park Street,PKT
Pluckley,PLC
Portslade,PLD
Pollokshields East,PLE
Polegate,PLG
Plockton,PLK
Plumley,PLM
Portlethen,PLN
Pleasington,PLS
Pontlottyn,PLT
Plumstead,PLU
Pollokshields West,PLW
Plymouth,PLY
Portsmouth Arms,PMA
Pembroke,PMB
Pembroke Dock,PMD
Portsmouth Harbour,PMH
Plumpton,PMP
Peckham Rye,PMR
Portsmouth & Southsea,PMS
Polmont,PMT
Penmaenmawr,PMW
Penally,PNA
Penychain,PNC
Penge East,PNE
Penyffordd,PNF
Pannal,PNL
Penmere,PNM
Penrith,PNR
Penistone,PNS
Penge West,PNW
Pen-Y-Bont,PNY
Penzance,PNZ
Pokesdown,POK
Polsloe Bridge,POL
Ponders End,PON
Poole,POO
Poppleton,POP
Porth,POR
Pontefract Tanshelf,POT
Pontypridd,PPD
Possilpark & Parkhouse,PPK
Pontypool and New Inn,PPL
Prestwick International Airport,PRA
Prestbury,PRB
Preston,PRE
Penrhyndeudraeth,PRH
Prittlewell,PRL
Parton,PRN
Preston Park,PRP
Princes Risborough,PRR
Prees,PRS
Prestatyn,PRT
Prudhoe,PRU
Perranwell,PRW
Perry Barr,PRY
Prescot,PSC
Pitsea,PSE
Pershore,PSH
Port Sunlight,PSL
Parson Street,PSN
Prestonpans,PST
Polesworth,PSW
Port Talbot Parkway,PTA
Pentre-Bach,PTB
Portchester,PTC
Pontarddulais,PTD
Pantyffynnon,PTF
Port Glasgow,PTG
Perth,PTH
Partick,PTK
Priesthill & Darnley,PTL
Porthmadog,PTM
Petersfield,PTR
Patterton,PTT
Prestwick Town,PTW
Pulborough,PUL
Purley Oaks,PUO
Purley,PUR
Putney,PUT
Pollokshaws East,PWE
Pwllheli,PWL
Pollokshaws West,PWW
Patchway,PWY
Pontyclun,PYC
Pye Corner,PYE
Paisley Gilmour Street,PYG
Paisley St James,PYJ
Pyle,PYL
Penryn,PYN
Pont-Y-Pant,PYP
Poynton,PYT
Queenborough,QBR
Queens Park (Glasgow),QPK
Queens Park (London),QPW
Queenstown Road (Battersea),QRB
Queens Road Peckham,QRP
Quintrell Downs,QUI
Quakers Yard,QYD
Radley,RAD
Rainham (Kent),RAI
Ramsgate,RAM
Rannoch,RAN
Rauceby,RAU
Ravenglass for Eskdale,RAV
Raynes Park,RAY
Robertsbridge,RBR
British Steel Redcar,RBS
Risca & Pontymister,RCA
Redcar Central,RCC
Rochdale,RCD
Redcar East,RCE
Redland,RDA
Redbridge,RDB
Redditch,RDC
Riddlesdown,RDD
Radcliffe (Notts),RDF
Reading,RDG
Redhill,RDH
Riding Mill,RDM
Reddish North,RDN
Radyr,RDR
Reddish South,RDS
Radlett,RDT
Reading West,RDW
Rectory Road,REC
Redruth,RED
Reedham (Norfolk),REE
Reigate,REI
Retford,RET
Rochford,RFD
Rock Ferry,RFY
Rugeley Trent Valley,RGL
Rugeley Town,RGT
Ramsgreave & Wilpshire,RGW
Ribblehead,RHD
Rhiwbina,RHI
Rhyl,RHL
Reedham (London),RHM
Rhosneigr,RHO
Rhymney,RHY
Rhoose Cardiff Airport,RIA
Rickmansworth,RIC
Ridgmont,RID
Rice Lane,RIL
Rishton,RIS
Ruskington,RKT
Rayleigh,RLG
Rowlands Castle,RLN
Roman Bridge,RMB
Rotherham Central,RMC
Richmond,RMD
Romford,RMF
Romiley,RML
Rainford,RNF
Rainhill,RNH
Rainham (Essex),RNM
Roughton Road,RNR
Roby,ROB
Roche,ROC
Rotherhithe,ROE
Rogart,ROG
Rolleston,ROL
Romsey,ROM
Roose,ROO
Rogerstone,ROR
Rosyth,ROS
Rowley Regis,ROW
Ryder Brow,RRB
Rose Grove,RSG
Rose Hill Marple,RSH
Renton,RTN
Rochester,RTR
Ruabon,RUA
Runcorn East,RUE
Rufford,RUF
Rugby,RUG
Runcorn,RUN
Ruswarp,RUS
Rutherglen,RUT
Ravensbourne,RVB
Ravensthorpe,RVN
Rawcliffe,RWC
Roy Bridge,RYB
Ryde Esplanade,RYD
Rye,RYE
Rye House,RYH
Roydon,RYN
Ryde Pier Head,RYP
Ryde St Johns Road,RYR
Royston,RYS
St Albans Abbey,SAA
Smallbrook Junction,SAB
St Albans,SAC
Sandwell & Dudley,SAD
Saltaire,SAE
Salfords,SAF
Salhouse,SAH
St Johns,SAJ
Salisbury,SAL
Saltmarshe,SAM
Sandown,SAN
St Andrews Road (Bristol),SAR
St Annes-On-The-Sea,SAS
South Acton,SAT
St Austell,SAU
Stratford-upon-Avon,SAV
Sawbridgeworth,SAW
Saxmundham,SAX
Swanley,SAY
Starbeck,SBE
St Budeaux Ferry Road,SBF
Stourbridge Junction,SBJ
South Bank,SBK
South Bermondsey,SBM
Stonebridge Park,SBP
Spean Bridge,SBR
St Bees,SBS
Stourbridge Town,SBT
Southbury,SBU
St Budeaux Victoria Road,SBV
Selby,SBY
Scarborough,SCA
Stechford,SCF
Stone Crossing,SCG
Scotstounhill,SCH
St Columb Road,SCR
Starcross,SCS
Scotscalder,SCT
Scunthorpe,SCU
South Croydon,SCY
Snodland,SDA
Sandbach,SDB
Shoreditch High Street,SDC
Shadwell,SDE
Saundersfoot,SDF
Sandling,SDG
Sudbury Hill Harrow,SDH
Sandhills,SDL
Shieldmuir,SDM
St Denys,SDN
Sandplace,SDP
Saunderton,SDR
Sandwich,SDW
Sandy,SDY
Seaham,SEA
Seaburn,SEB
Seaton Carew,SEC
Shelford,SED
Southease,SEE
Seaford,SEF
Selling,SEG
Shoreham (Kent),SEH
Sellafield,SEL
Seamer,SEM
Shenstone,SEN
St Erth,SER
South Elmsall,SES
Settle,SET
Sevenoaks,SEV
Stratford International,SFA
Salford Central,SFD
Shawfair,SFI
Seaforth & Litherland,SFL
Shifnal,SFN
Stanford-Le-Hope,SFO
Shalford,SFR
Smethwick Galton Bridge,SGB
South Gyle,SGL
St Germans,SGM
South Greenford,SGN
Slade Green,SGR
Shirebrook,SHB
Streethouse,SHC
Shildon,SHD
Sherborne,SHE
Sheffield,SHF
Shirehampton,SHH
Shiplake,SHI
St Helens Junction,SHJ
Shawlands,SHL
Sheringham,SHM
Shanklin,SHN
Sholing,SHO
Shepperton,SHP
Shrewsbury,SHR
Shotts,SHS
Shotton,SHT
Stonehouse,SHU
Shawford,SHW
Shipley,SHY
Southend Airport,SIA
Silecroft,SIC
Sidcup,SID
Sherburn-In-Elmet,SIE
St Helier,SIH
Sileby,SIL
Singer,SIN
Shipton,SIP
Sittingbourne,SIT
St Ives,SIV
St James' Park,SJP
St James Street,SJS
Skewen,SKE
Skegness,SKG
Skipton,SKI
Selkirk,SKK
Stoke Mandeville,SKM
St Keyne,SKN
Stocksfield,SKS
Stoke Newington,SKW
Slateford,SLA
Saltburn,SLB
Salford Crescent,SLD
Sleights,SLH
Silkstone Common,SLK
Stallingborough,SLL
Slough,SLO
St Leonards Warrior Square,SLQ
Sleaford,SLR
Shettleston,SLS
Saltcoats,SLT
Silver Street,SLV
Salwick,SLW
Selly Oak,SLY
Small Heath,SMA
Smithy Bridge,SMB
Sampford Courtenay,SMC
Stamford,SMD
St Margarets,SMG
Stamford Hill,SMH
Stowmarket,SMK
Sea Mills,SML
Southminster,SMN
South Merton,SMO
Smethwick Rolfe Street,SMR
St Margarets (Herts),SMT
St Mary Cray,SMY
Sandal & Agbrigg,SNA
Sandhurst,SND
Stone,SNE
Shenfield,SNF
Sunningdale,SNG
St Helens Central,SNH
Snaith,SNI
Sankey for Penketh,SNK
Stoneleigh,SNL
Swinton (Manchester),SNN
St Neots,SNO
Sanderstead,SNR
Staines,SNS
Stanlow & Thornton,SNT
Swanwick,SNW
Sunnymeads,SNY
Southampton Airport Parkway,SOA
Southbourne,SOB
Southend Central,SOC
Southend East,SOE
South Woodham Ferrers,SOF
Stonegate,SOG
South Hampstead,SOH
Stow,SOI
South Kenton,SOK
Solihull,SOL
South Milford,SOM
Steeton & Silsden,SON
Strood,SOO
Southport,SOP
Sole Street,SOR
Stoke-On-Trent,SOT
Southampton Central,SOU
Southend Victoria,SOV
Sowerby Bridge,SOW
Spalding,SPA
Shepherds Bush,SPB
Springfield,SPF
Shepherds Well,SPH
Spital,SPI
Sutton Parkway,SPK
Spooner Row,SPN
Spondon,SPO
Shippea Hill,SPP
Springburn,SPR
Stepps,SPS
Stockport,SPT
Staplehurst,SPU
Shepley,SPY
Surrey Quays,SQE
Sanquhar,SQH
Squires Gate,SQU
Stratford (London),SRA
Streatham Common,SRC
Stapleton Road,SRD
Seer Green & Jordans,SRG
Streatham Hill,SRH
Spring Road,SRI
Shirley,SRL
Strines,SRN
Shireoaks,SRO
Sarn,SRR
Selhurst,SRS
Shortlands,SRT
South Ruislip,SRU
Shoeburyness,SRY
Seascale,SSC
Stansted Airport,SSD
Shoreham-By-Sea,SSE
Stocksmoor,SSM
Sheerness-On-Sea,SSS
Stansted Mountfitchet,SST
Stafford,STA
Strathcarron,STC
Stroud,STD
Streatham,STE
Stromeferry,STF
Stirling,STG
Shepreth,STH
Stadium of Light,STI
Severn Tunnel Junction,STJ
Stockton,STK
Southall,STL
St Michaels,STM
Stonehaven,STN
South Tottenham,STO
London St. Pancras International,STP
Southampton Town Quay,STQ
Stranraer,STR
Saltash,STS
Stewarton,STT
Sturry,STU
Stevenston,STV
Strawberry Hill,STW
Stratford-upon-Avon Parkway,STY
St Peters,STZ
Sutton Common,SUC
Sudbury & Harrow Road,SUD
Sugar Loaf,SUG
Summerston,SUM
Sunderland,SUN
Sutton (Surrey),SUO
Sundridge Park,SUP
Surbiton,SUR
Sutton Coldfield,SUT
Sunbury,SUU
Sudbury Suffolk,SUY
Severn Beach,SVB
Stevenage,SVG
Seven Kings,SVK
Staveley,SVL
Silverdale,SVR
Seven Sisters,SVS
Swansea,SWA
Swinderby,SWD
Swineshead,SWE
Swaythling,SWG
Swindon,SWI
Southwick,SWK
Swale,SWL
Swanscombe- George & Dragon,SWM
Swinton (South Yorkshire),SWN
Snowdown,SWO
Stewartby,SWR
South Wigston,SWS
Slaithwaite,SWT
Sway,SWY
Saxilby,SXY
Styal,SYA
Stalybridge,SYB
Sydenham,SYD
Sydenham Hill,SYH
Syon Lane,SYL
Syston,SYS
Somerleyton,SYT
Tame Bridge Parkway,TAB
Tackley,TAC
Tadworth,TAD
Taffs Well,TAF
Tain,TAI
Talsarnau,TAL
Tamworth,TAM
Taplow,TAP
Tattenham Corner,TAT
Taunton,TAU
Taynuilt,TAY
Three Bridges,TBD
Tilbury Riverside,TBR
Tunbridge Wells,TBW
Thornaby,TBY
Tondu,TDU
Teesside Airport,TEA
Teddington,TED
Tenby,TEN
Theobalds Grove,TEO
Teynham,TEY
Telford Central,TFC
Teignmouth,TGM
Ty Glas,TGS
Thatcham,THA
Thornliebank,THB
Thurnscoe,THC
Thames Ditton,THD
Theale,THE
Thatto Heath,THH
Thirsk,THI
Tile Hill,THL
Thornford,THO
Thurso,THS
Thorntonhall,THT
Thurgarton,THU
The Hawthorns,THW
Tilbury Town,TIL
Tipton,TIP
Tir-Phil,TIR
Tisbury,TIS
Talybont,TLB
Tal-Y-Cafn,TLC
Tilehurst,TLH
The Lakes,TLK
Thorpe-Le-Soken,TLS
Templecombe,TMC
Thornton Abbey,TNA
Tonfanau,TNF
Thorne North,TNN
Tonypandy,TNP
Thorne South,TNS
Todmorden,TOD
Three Oaks,TOK
Tolworth,TOL
Tottenham Hale,TOM
Tonbridge,TON
Tooting,TOO
Topsham,TOP
Totnes,TOT
Thorpe Bay,TPB
Thorpe Culvert,TPC
Ton Pentre,TPN
Torquay,TQY
Trafford Park,TRA
Treherbert,TRB
Troed-Y-Rhiw,TRD
Trefforest Estate,TRE
Trefforest,TRF
Trehafod,TRH
Tring,TRI
Trimley,TRM
Troon,TRN
Trowbridge,TRO
Torre,TRR
Thurston,TRS
Truro,TRU
Treorchy,TRY
Thetford,TTF
Thornton Heath,TTH
Totton,TTN
Tulse Hill,TUH
Tulloch,TUL
Turkey Street,TUR
Tutbury & Hatton,TUT
Tiverton Parkway,TVP
Tweedbank,TWB
Twickenham,TWI
Town Green,TWN
Twyford,TWY
Tan-Y-Bwlch,TYB
Ty Croes,TYC
Tygwyn,TYG
Tyndrum Lower,TYL
Tyseley,TYS
Tywyn,TYW
Uckfield,UCK
Uddingston,UDD
Uphall,UHA
Upper Holloway,UHL
Ulceby,ULC
Ulleskelf,ULL
Ulverston,ULV
Umberleigh,UMB
University (Birmingham),UNI
Upper Halliford,UPH
Upholland,UPL
Upminster,UPM
Upton,UPT
Upwey,UPW
Urmston,URM
Uttoxeter,UTT
Upper Tyndrum,UTY
Upper Warlingham,UWL
Valley,VAL
London Victoria,VIC
Virginia Water,VIR
Vauxhall,VXH
Warrington Central,WAC
Wadhurst,WAD
London Waterloo (East),WAE
Wallyford,WAF
Walton-On-Thames,WAL
Walmer,WAM
Wanborough,WAN
Walton (Merseyside),WAO
Ware,WAR
Watton-At-Stone,WAS
London Waterloo,WAT
Wavertree Technology Park,WAV
Waterbeach,WBC
Whitley Bridge,WBD
Warblington,WBL
Wimbledon Chase,WBO
West Brompton,WBP
Warrington Bank Quay,WBQ
Whaley Bridge,WBR
West Byfleet,WBY
Westcombe Park,WCB
Westcliff,WCF
Whitchurch (Hants),WCH
Wick,WCK
West Calder,WCL
Wickham Market,WCM
Worcester Park,WCP
Whitecraigs,WCR
Wembley Stadium,WCX
West Croydon,WCY
Woodbridge,WDB
Widdrington,WDD
Wood End,WDE
Woodhouse,WDH
Woodhall,WDL
Windermere,WDM
Walsden,WDN
Waddon,WDO
Woodlesford,WDS
West Drayton,WDT
West Dulwich,WDU
West Ealing,WEA
Wedgwood,WED
Weeley,WEE
West Ham,WEH
Wellingborough,WEL
Wem,WEM
Wells Next The Sea,WEN
Wedgwood Lane,WER
Westerton,WES
Weeton,WET
Weymouth,WEY
Whifflet,WFF
Watford High Street,WFH
Westerfield,WFI
Watford Junction,WFJ
Wainfleet,WFL
Watford North,WFN
Westgate-On-Sea,WGA
Welwyn Garden City,WGC
Wigan North Western,WGN
Woodgrange Park,WGR
Wigton,WGT
Wargrave,WGV
Wigan Wallgate,WGW
Westenhanger,WHA
Walthamstow Central,WHC
West Hampstead,WHD
Whalley,WHE
Westhoughton,WHG
Whitstable,WHI
White Hart Lane,WHL
Whimple,WHM
Whiston,WHN
West Hampstead Thameslink,WHP
West Horndon,WHR
Whyteleafe South,WHS
Whitchurch (Glamorgan),WHT
Whyteleafe,WHY
Wickford,WIC
Widnes,WID
Winchmore Hill,WIH
Willesden Junction,WIJ
Willington,WIL
Wimbledon,WIM
Winchester,WIN
Wivenhoe,WIV
West Kilbride,WKB
Walkden,WKD
Wakefield Westgate,WKF
Workington,WKG
West Kirby,WKI
Wakefield Kirkgate,WKK
Wokingham,WKM
Waltham Cross,WLC
West St Leonards,WLD
Whittlesea,WLE
Whittlesford Parkway,WLF
Wallasey Grove Road,WLG
Welling,WLI
Williamwood,WLM
Wellington (Shropshire),WLN
Waterloo (Merseyside),WLO
Welshpool,WLP
Woolston,WLS
Wallington,WLT
Wallasey Village,WLV
Welwyn North,WLW
Woodley,WLY
West Malling,WMA
Wembley Central,WMB
Wilmcote,WMC
Wymondham,WMD
Woodmansterne,WME
Welham Green,WMG
Wildmill,WMI
Wilmslow,WML
Warminster,WMN
Widney Manor,WMR
Wemyss Bay,WMS
Walthamstow Queens Road,WMW
Windsor & Eton Central,WNC
Wendover,WND
Wilnecote,WNE
Winchfield,WNF
Waun-Gron Park,WNG
Warnham,WNH
Whinhill,WNL
Weston Milton,WNM
Wennington,WNN
Wanstead Park,WNP
Windsor & Eton Riverside,WNR
Winnersh,WNS
Wandsworth Town,WNT
West Norwood,WNW
White Notley,WNY
Woburn Sands,WOB
Worcester Foregate Street,WOF
Woldingham,WOH
Woking (Main),WOK
Wolverton,WOL
Wombwell,WOM
Walton-On-The-Naze,WON
Wool,WOO
Worcestershire Parkway,WOP
Worle,WOR
Worcester Shrub Hill,WOS
Wapping,WPE
Worplesdon,WPL
Wrabness,WRB
Wrenbury,WRE
Worthing,WRH
Worksop,WRK
Wetheral,WRL
Wareham,WRM
West Runton,WRN
Warwick Parkway,WRP
Wressle,WRS
Worstead,WRT
West Ruislip,WRU
Warwick,WRW
Wrexham General,WRX
Wraysbury,WRY
West Allerton,WSA
Westbury,WSB
Winchelsea,WSE
Winsford,WSF
Wishaw,WSH
Walsall,WSL
Weston-Super-Mare,WSM
Woodsmoor,WSR
Wood Street,WST
West Sutton,WSU
Wandsworth Common,WSW
Wester Hailes,WTA
Whitby,WTB
Whitchurch (Shrops),WTC
Whitlocks End,WTE
Watlington,WTG
Whitehaven,WTH
Winnersh Triangle,WTI
Whitland,WTL
Witham,WTM
Whitton,WTN
Water Orton,WTO
Wateringbury,WTR
Whatstandwell,WTS
Witton,WTT
Witley,WTY
Wivelsfield,WVF
Wolverhampton,WVH
Woolwich Arsenal,WWA
Woolwich Dockyard,WWD
West Wickham,WWI
Whitwell,WWL
West Worthing,WWO
Wandsworth Road,WWR
Wootton Wawen,WWW
Wrexham Central,WXC
Weybridge,WYB
Wye,WYE
Wylde Green,WYL
Wylam,WYM
Wythall,WYT
Cardiff International Airport,XCF
Yate,YAE
Yalding,YAL
Yatton,YAT
Yeoford,YEO
Yetminster,YET
Yarmouth (Isle of Wight),YMH
Ynyswen,YNW
Yoker,YOK
Yardley Wood,YRD
York,YRK
Yarm,YRM
Yorton,YRT
Ystrad Mynach,YSM
Ystrad Rhondda,YSR
Yeovil Junction,YVJ
Yeovil Pen Mill,YVP
Canada Water,ZCW
Dagenham East L.T.,ZDE
Ealing Common,ZEC
Earl's Court L.T.,ZET
Farringdon,ZFD
Whitechapel,ZLW
Newbury Park,ZNP